,rank,url
0,1,https://google.com
1,2,https://youtube.com
2,3,https://tmall.com
3,4,https://qq.com
10,11,https://jd.com
11,12,https://yahoo.com
12,13,https://wikipedia.org
13,14,https://weibo.com
14,15,https://zoom.us
15,16,https://live.com
16,17,https://sina.com.cn
17,18,https://xinhuanet.com
18,19,https://microsoft.com
20,21,https://reddit.com
21,22,https://netflix.com
22,23,https://google.com.hk
23,24,https://instagram.com
24,25,https://panda.tv
25,26,https://zhanqi.tv
26,27,https://force.com
28,29,https://alipay.com
29,30,https://bing.com
32,33,https://vk.com
33,34,https://yahoo.co.jp
34,35,https://naver.com
35,36,https://twitter.com
36,37,https://apple.com
37,38,https://bongacams.com
38,39,https://adobe.com
39,40,https://linkedin.com
40,41,https://ebay.com
41,42,https://salesforce.com
43,44,https://tianya.cn
44,45,https://chaturbate.com
45,46,https://amazon.in
46,47,https://amazon.co.jp
47,48,https://twitch.tv
48,49,https://huanqiu.com
49,50,https://whatsapp.com
50,51,https://yandex.ru
52,53,https://yy.com
53,54,https://mail.ru
55,56,https://1688.com
57,58,https://wordpress.com
59,60,https://tiktok.com
60,61,https://msn.com
62,63,https://etsy.com
63,64,https://tribunnews.com
64,65,https://walmart.com
65,66,https://indeed.com
66,67,https://medium.com
67,68,https://canva.com
68,69,https://google.co.in
69,70,https://amazonaws.com
70,71,https://so.com
71,72,https://freepik.com
72,73,https://chase.com
73,74,https://blogger.com
74,75,https://ok.ru
75,76,https://upwork.com
76,77,https://google.cn
77,78,https://imdb.com
78,79,https://spotify.com
79,80,https://paypal.com
80,81,https://pikiran-rakyat.com
81,82,https://rakuten.co.jp
82,83,https://telegram.org
84,85,https://espn.com
85,86,https://google.de
86,87,https://cnblogs.com
87,88,https://xvideos.com
88,89,https://alibaba.com
91,92,https://github.com
92,93,https://stackoverflow.com
93,94,https://opensea.io
94,95,https://fandom.com
95,96,https://savefrom.net
96,97,https://wetransfer.com
97,98,https://cnn.com
98,99,https://digikala.com
102,103,https://pornhub.com